1001,https://www.booking.com/hotel/mk/villa-dvor.html,villa-dvor.webhotel.com
78465,https://www.booking.com/hotel/at/wild-amp-bolz-emotel.html,wildbolzemotel.site-hotel.com
78309,https://www.booking.com/hotel/at/vidimo-se.html,vidimose.site-hotel.com
75920,https://www.booking.com/hotel/at/ambassador.html,ambassador.site-hotel.com
75925,https://www.booking.com/hotel/at/melia-vienna.html,meliavienna.site-hotel.com
75950,https://www.booking.com/hotel/at/hilton-vienna-plaza.html,hiltonviennaplaza.site-hotel.com
75962,https://www.booking.com/hotel/at/steigenberger-herrenhof.html,steigenbergerherrenhof.site-hotel.com
75986,https://www.booking.com/hotel/at/vienna-marriott.html,viennamarriott.site-hotel.com
76010,https://www.booking.com/hotel/at/le-meridien-vienna.html,lemeridienvienna.site-hotel.com
76020,https://www.booking.com/hotel/at/vienna-stephansdom.html,sovienna.site-hotel.com
76032,https://www.booking.com/hotel/at/grand-wien.html,grandwien.site-hotel.com
76033,https://www.booking.com/hotel/at/topazz.html,topazzlamee.site-hotel.com
76051,https://www.booking.com/hotel/at/the-leo-grand.html,theleogrand.site-hotel.com
76082,https://www.booking.com/hotel/at/intercontinental-wien.html,intercontinentalwienanihg.site-hotel.com
76093,https://www.booking.com/hotel/at/the-ritz-carlton-vienna.html,theritzcarltonvienna.site-hotel.com
76101,https://www.booking.com/hotel/at/the-guesthouse-vienna.html,theguesthousevienna.site-hotel.com
76108,https://www.booking.com/hotel/at/sans-souci-wien.html,sanssouciwien.site-hotel.com
76126,https://www.booking.com/hotel/at/do-co-vienna.html,docovienna.site-hotel.com
76133,https://www.booking.com/hotel/at/sacher-wien.html,sacherwien.site-hotel.com
76137,https://www.booking.com/hotel/at/hotelimperialwien.html,imperialaluxurycollectionvienna.site-hotel.com
76144,https://www.booking.com/hotel/at/anantara-palais-hansen-vienna.html,anantarapalaishansenvienna.site-hotel.com
76146,https://www.booking.com/hotel/at/bristolawesvienna.html,bristolaluxurycollectionvienna.site-hotel.com
76151,https://www.booking.com/hotel/at/rosewood-vienna-wien.html,rosewoodvienna.site-hotel.com
76159,https://www.booking.com/hotel/at/almanac-palais-vienna.html,almanacpalaisvienna.site-hotel.com
76161,https://www.booking.com/hotel/at/park-hyatt-vienna.html,parkhyattvienna.site-hotel.com
76169,https://www.booking.com/hotel/at/the-ring.html,theamaurisviennarelaischateaux.site-hotel.com
76173,https://www.booking.com/hotel/at/palais-coburg-residenz-gmbh.html,palaiscoburg.site-hotel.com
76186,https://www.booking.com/hotel/at/andaz-vienna-am-belvedere.html,andazviennaambelvedereaconceptbyhyatt.site-hotel.com
76187,https://www.booking.com/hotel/at/ibis-budget-graz-city.html,ibisbudgetgrazcity.site-hotel.com
76188,https://www.booking.com/hotel/at/intercityhotel-graz.html,intercitygraz.site-hotel.com
76191,https://www.booking.com/hotel/at/mariahilf.html,mariahilf.site-hotel.com
76194,https://www.booking.com/hotel/at/palais-erzerzog-johann.html,palaiserzherzogjohann.site-hotel.com
76196,https://www.booking.com/hotel/at/bandbgraz.html,bbgrazhbf.site-hotel.com
76197,https://www.booking.com/hotel/at/motel-one-graz.html,motelonegraz.site-hotel.com
76199,https://www.booking.com/hotel/at/mercuregrazcity.html,mercuregrazcity.site-hotel.com
76200,https://www.booking.com/hotel/at/shome-hotels-smart-business.html,shomegrazselfcheckinfreeparking.site-hotel.com
76202,https://www.booking.com/hotel/at/dreiraben.html,dreiraben.site-hotel.com
76203,https://www.booking.com/hotel/at/zur-steirerstubn.html,zursteirerstubn.site-hotel.com
76204,https://www.booking.com/hotel/at/strasser.html,bestwesternstrasser.site-hotel.com
76206,https://www.booking.com/hotel/at/zum-dom-betriebsgesmbh.html,boutiquedomroomssuites.site-hotel.com
76208,https://www.booking.com/hotel/at/feichtinger-graz.html,feichtingergraz.site-hotel.com
76212,https://www.booking.com/hotel/at/ibis-styles-graz-messe.html,ibisstylesgrazmesse.site-hotel.com
76213,https://www.booking.com/hotel/at/schlossberg.html,schlossberg.site-hotel.com
76214,https://www.booking.com/hotel/at/wasser-palast.html,wasserpalast.site-hotel.com
76220,https://www.booking.com/hotel/at/kai-36-graz.html,kai36zwischenfelsundfluss.site-hotel.com
76221,https://www.booking.com/hotel/at/minihotel-graz.html,minigraz.site-hotel.com
76224,https://www.booking.com/hotel/at/radisson-graz.html,radissongraz.site-hotel.com
76372,https://www.booking.com/hotel/at/hotelbristolsalzburg.html,bristolsalzburg.site-hotel.com
76374,https://www.booking.com/hotel/at/hotelsachersalzburg.html,sachersalzburg.site-hotel.com
76384,https://www.booking.com/hotel/at/goldenerhirschsalzburg.html,goldenerhirschaluxurycollectionsalzburg.site-hotel.com
76386,https://www.booking.com/hotel/at/schloss-monchstein.html,schlossmonchstein.site-hotel.com
76399,https://www.booking.com/hotel/at/posthotel-achenkirch.html,postachenkirchresortandspaadultsonly.site-hotel.com
76401,https://www.booking.com/hotel/at/spirodom-admont.html,spirodom.site-hotel.com
76402,https://www.booking.com/hotel/at/jufa-schloss-rothestein.html,jufaschlossrothelstein.site-hotel.com
76423,https://www.booking.com/hotel/at/seevilla-altaussee.html,seevillaaltaussee.site-hotel.com
76470,https://www.booking.com/hotel/at/narzissenhotel-bad-aussee.html,narzissenvitalresortbadaussee.site-hotel.com
76472,https://www.booking.com/hotel/at/blumau.html,rognerbadblumau.site-hotel.com
76548,https://www.booking.com/hotel/at/thermenwelt-pulverer.html,thermenweltpulverer.site-hotel.com
76554,https://www.booking.com/hotel/at/thermenhotel-ronacher.html,dasronacherthermesparesort.site-hotel.com
76569,https://www.booking.com/hotel/at/jagdhof-hubler.html,aquamarin.site-hotel.com
76577,https://www.booking.com/hotel/at/garni-birkenhof.html,birkenhof.site-hotel.com
76592,https://www.booking.com/hotel/at/reiter-s-supreme.html,adultsonlyreiterssupreme.site-hotel.com
76596,https://www.booking.com/hotel/at/quellenhotel-spa-heiltherme-bad-waltersdorf.html,quellenheilthermebadwaltersdorf2thermenresort.site-hotel.com
76598,https://www.booking.com/hotel/at/spa-resort-styria-adults-only-bad-waltersdorf.html,sparesortstyriaadultsonly.site-hotel.com
76672,https://www.booking.com/hotel/at/jufa-bruck-weitental.html,jufabruckandermurimweitental.site-hotel.com
76687,https://www.booking.com/hotel/at/jufa-deutschlandsberg.html,jufadeutschlandsberg.site-hotel.com
76689,https://www.booking.com/hotel/at/jufa-donnersbachwald.html,jufadonnersbachwald.site-hotel.com
76724,https://www.booking.com/hotel/at/georgi-schloss.html,georgischlossboutique.site-hotel.com
76745,https://www.booking.com/hotel/at/kaiserhof-ellmau.html,kaiserhofsuperior.site-hotel.com
76756,https://www.booking.com/hotel/at/der-larchenhof.html,derlarchenhof.site-hotel.com
76787,https://www.booking.com/hotel/at/kiwano.html,kiwanograz.site-hotel.com
76811,https://www.booking.com/hotel/at/sporthotel-stock.html,stockresort.site-hotel.com
76822,https://www.booking.com/hotel/at/schlosshotel-fiss.html,schlossfiss.site-hotel.com
76841,https://www.booking.com/hotel/at/vital-styria.html,vitalstyria.site-hotel.com
76888,https://www.booking.com/hotel/at/restaurant-neudorferhof.html,restauranthesch.site-hotel.com
76896,https://www.booking.com/hotel/at/weinrefugium-brolli.html,weinrefugiumbrolli.site-hotel.com
76897,https://www.booking.com/hotel/at/jaglhof-by-domanies-kilger.html,jaglhof.site-hotel.com
76898,https://www.booking.com/hotel/at/schloss-gamlitz.html,schlossgamlitz.site-hotel.com
76920,https://www.booking.com/hotel/at/traumhotel-alpina.html,traumalpinasuperioryogaayurveda.site-hotel.com
76951,https://www.booking.com/hotel/at/bergblick-gra-n.html,bergblick5sterne.site-hotel.com
76952,https://www.booking.com/hotel/at/steinerhaus-berggasthof.html,steinerhausberggasthof.site-hotel.com
76964,https://www.booking.com/hotel/at/hotel-sued-graz.html,sudgraz.site-hotel.com
76970,https://www.booking.com/hotel/at/aton.html,aton.site-hotel.com
76971,https://www.booking.com/hotel/at/ferdls-gasthof.html,iamgrazseiersberg.site-hotel.com
76972,https://www.booking.com/hotel/at/haus-mobene-garni.html,hausmobenegarni.site-hotel.com
76975,https://www.booking.com/hotel/at/roomz-graz.html,plazainngraz.site-hotel.com
76991,https://www.booking.com/hotel/at/wellnesshotel-edelweiss.html,dasedelweisssalzburgmountainresort.site-hotel.com
77002,https://www.booking.com/hotel/at/familien-natur-resort-moar-gut.html,familiennaturresortmoargut.site-hotel.com
77006,https://www.booking.com/hotel/at/jufa-grundlsee.html,jufagrundlsee.site-hotel.com
77007,https://www.booking.com/hotel/at/seehotel-grundlsee.html,seegrundlsee.site-hotel.com
77088,https://www.booking.com/hotel/at/travel-charme-ifen.html,travelcharmeifenkleinwalsertal.site-hotel.com
77089,https://www.booking.com/hotel/at/adler-hirschegg.html,adlergarni.site-hotel.com
77091,https://www.booking.com/hotel/at/suitehotel-kleinwalsertal.html,suitekleinwalsertal.site-hotel.com
77148,https://www.booking.com/hotel/at/schlosshotel-romantica.html,schlossischgl5sternesuperior.site-hotel.com
77149,https://www.booking.com/hotel/at/trofana-royal.html,trofanaroyal5sternesuperiorresort.site-hotel.com
77152,https://www.booking.com/hotel/at/sporthotel-silvretta.html,sportundgenusssilvretta.site-hotel.com
77179,https://www.booking.com/hotel/at/elisbeth.html,elizabethart.site-hotel.com
77196,https://www.booking.com/hotel/at/kempinski-hotel-das-tirol.html,kempinskidastirol.site-hotel.com
77198,https://www.booking.com/hotel/at/jufa-judenburg.html,jufajudenburg.site-hotel.com
77199,https://www.booking.com/hotel/at/stadthotel-schwesterbra-u.html,stadtschwerterbrau.site-hotel.com
77200,https://www.booking.com/hotel/at/gasthof-murblick.html,gasthofrestaurantmurblick.site-hotel.com
77224,https://www.booking.com/hotel/at/steinthron.html,steinthron.site-hotel.com
77228,https://www.booking.com/hotel/at/zhero-alps-fashion.html,zheroischglkappl.site-hotel.com
77262,https://www.booking.com/hotel/at/gasthof-ochnerbauer.html,fruhstuckspensionochnerbauer.site-hotel.com
77313,https://www.booking.com/hotel/at/gasthof-pension-stieber.html,gasthofpensionstieber.site-hotel.com
77318,https://www.booking.com/hotel/at/das-friedrich.html,dasfriedrich.site-hotel.com
77334,https://www.booking.com/hotel/at/gasthof-rothwangl-hannes.html,gasthofrothwanglhannes.site-hotel.com
77370,https://www.booking.com/hotel/at/naturhotel-waldklause.html,naturwaldklause.site-hotel.com
77373,https://www.booking.com/hotel/at/lachtalhaus.html,lachtalhaus.site-hotel.com
77374,https://www.booking.com/hotel/at/alpengasthof-tanzstatt.html,alpengasthoftanzstatt.site-hotel.com
77393,https://www.booking.com/hotel/at/gasthof-niggas-kranerwirt.html,gasthofkranerwirt.site-hotel.com
77399,https://www.booking.com/hotel/at/dolomitengolf-suites-lavant.html,dolomitengolfsuites.site-hotel.com
77413,https://www.booking.com/hotel/at/sonnenburg.html,hotelsonnenburg-austria-lechamarlberg.site-hotel.com
77414,https://www.booking.com/hotel/at/arlberg.html,arlberglech.site-hotel.com
77415,https://www.booking.com/hotel/at/gasthof-post.html,postlecharlberg.site-hotel.com
77416,https://www.booking.com/hotel/at/burg-vital-resort.html,burgvitalresort.site-hotel.com
77417,https://www.booking.com/hotel/at/blumen-haus-lech.html,severinsthealpineretreat.site-hotel.com
77443,https://www.booking.com/hotel/at/der-krallerhof.html,krallerhof.site-hotel.com
77460,https://www.booking.com/hotel/at/cafe-bar-highway.html,highwaybedbreakfast.site-hotel.com
77464,https://www.booking.com/hotel/at/grand-lienz.html,grandlienzbusinesswellnessgourmet.site-hotel.com
77490,https://www.booking.com/hotel/at/seehof-loibichl-am-mondsee.html,seehof.site-hotel.com
77529,https://www.booking.com/hotel/at/jufa-maria-lankowitz.html,jufamarialankowitz.site-hotel.com
77541,https://www.booking.com/hotel/at/jufa-sigmundsberg.html,jufamariazell.site-hotel.com
77542,https://www.booking.com/hotel/at/zum-heiligen-geist.html,zumheiligengeist.site-hotel.com
77544,https://www.booking.com/hotel/at/drei-hasen.html,dreihasen.site-hotel.com
77569,https://www.booking.com/hotel/at/cocoon.html,cocoonalpineboutiquelodge.site-hotel.com
77717,https://www.booking.com/hotel/at/spa-jagdhof.html,relaischateauxspajagdhof.site-hotel.com
77736,https://www.booking.com/hotel/at/bruecklwirt.html,brucklwirt.site-hotel.com
77774,https://www.booking.com/hotel/at/sporthotel-cinderella.html,sportcinderella.site-hotel.com
77775,https://www.booking.com/hotel/at/das-seekarhaus.html,dasseekarhaus.site-hotel.com
77788,https://www.booking.com/hotel/at/gesundheits-amp-wellness-resort-oberzeiring.html,gesundheitswellnessresortoberzeiring.site-hotel.com
77803,https://www.booking.com/hotel/at/jufa-pollau.html,jufapollaubiolanderlebnis.site-hotel.com
77853,https://www.booking.com/hotel/at/jufa-planneralm.html,jufaplanneralm.site-hotel.com
77890,https://www.booking.com/hotel/at/post-ramsau-am-dachstein.html,hotelpost-austria-ramsauamdachstein.site-hotel.com
77892,https://www.booking.com/hotel/at/pehab-kirchenwirt.html,aktivpehab.site-hotel.com
77897,https://www.booking.com/hotel/at/roesslhof.html,rosslhof.site-hotel.com
77978,https://www.booking.com/hotel/at/bergland-solden.html,berglanddesignundwellness.site-hotel.com
77989,https://www.booking.com/hotel/at/central-spa-solden.html,dascentralalpineluxurylife.site-hotel.com
78023,https://www.booking.com/hotel/at/hyperion-salzburg-salzburg.html,hyperionsalzburg.site-hotel.com
78033,https://www.booking.com/hotel/at/sheratonsalzburg.html,sheratongrandsalzburg.site-hotel.com
78035,https://www.booking.com/hotel/at/rosewood-schloss-fuschl.html,rosewoodschlossfuschl.site-hotel.com
78073,https://www.booking.com/hotel/at/raffl-s-st-antoner-hof.html,rafflsstantonerhof.site-hotel.com
78074,https://www.booking.com/hotel/at/tannenhof-superior.html,tannenhofsuperior.site-hotel.com
78137,https://www.booking.com/hotel/at/lambrechterhof.html,auszeitstlambrecht.site-hotel.com
78155,https://www.booking.com/hotel/at/waldschlossl-gasthof.html,waldschlosslgasthof.site-hotel.com
